{"stats":{"minecraft:broken":{"minecraft:iron_shovel":1,"minecraft:stone_axe":1,"minecraft:diamond_axe":1,"minecraft:iron_axe":11},"minecraft:killed_by":{"alexsmobs:tiger":2},"minecraft:killed":{"minecraft:spider":2,"alexsmobs:murmur":1,"minecraft:skeleton":7,"minecraft:sheep":1,"minecraft:pillager":4,"minecraft:zombie":6,"minecraft:cow":3,"minecraft:villager":2},"minecraft:custom":{"minecraft:interact_with_crafting_table":140,"minecraft:leave_game":7,"minecraft:time_since_death":392140,"minecraft:sprint_one_cm":1252530,"minecraft:damage_blocked_by_shield":2010,"minecraft:drop":315,"minecraft:talked_to_villager":241,"minecraft:play_time":433721,"minecraft:deaths":2,"minecraft:jump":4656,"minecraft:walk_on_water_one_cm":10229,"minecraft:enchant_item":9,"minecraft:interact_with_furnace":356,"minecraft:traded_with_villager":761,"minecraft:sleep_in_bed":25,"minecraft:damage_dealt":5082,"minecraft:crouch_one_cm":12205,"tombstone:undead_killed":14,"tombstone:villager_killed":2,"minecraft:interact_with_anvil":6,"minecraft:mob_kills":26,"minecraft:climb_one_cm":20111,"minecraft:walk_one_cm":1415516,"minecraft:sneak_time":6334,"minecraft:walk_under_water_one_cm":1292,"minecraft:total_world_time":434518,"tombstone:raider_killed":4,"minecraft:raid_trigger":1,"minecraft:time_since_rest":6942,"minecraft:damage_taken":2337,"minecraft:swim_one_cm":42155,"minecraft:fly_one_cm":1143054,"minecraft:open_chest":650,"minecraft:fall_one_cm":101470},"minecraft:crafted":{"minecraft:smooth_stone":0,"newshieldvariants:diamond_shield":1,"minecraft:chainmail_helmet":102,"minecraft:cherry_wood":21,"minecraft:dark_oak_wood":48,"minecraft:lightning_rod":5,"minecraft:stone":0,"minecraft:diamond_shovel":1,"minecraft:bookshelf":121,"minecraft:glass":336,"minecraft:diamond_helmet":1,"minecraft:diamond_leggings":2,"minecraft:iron_boots":34,"minecraft:raw_copper":1935,"justhammers:diamond_hammer":1,"minecraft:copper_block":292,"minecraft:birch_door":6,"minecraft:stone_hoe":24,"minecraft:raw_iron_block":367,"minecraft:emerald":120,"enchantinginfuser:enchanting_infuser":1,"minecraft:diamond_axe":2,"minecraft:crafting_table":1,"minecraft:spruce_planks":496,"minecraft:iron_helmet":1,"minecraft:birch_pressure_plate":4,"minecraft:chainmail_chestplate":24,"minecraft:smithing_table":2,"minecraft:copper_ingot":0,"minecraft:gold_block":64,"minecraft:fletching_table":1,"simplefarming:baked_yam":163,"minecraft:birch_planks":28,"biomesoplenty:fir_planks":8,"minecraft:spruce_trapdoor":8,"enchantinginfuser:advanced_enchanting_infuser":1,"minecraft:lectern":15,"minecraft:iron_chestplate":51,"minecraft:emerald_block":174,"minecraft:shield":1,"sophisticatedbackpacks:diamond_backpack":1,"minecraft:stick":8,"minecraft:iron_ingot":1435,"minecraft:iron_block":499,"minecraft:gold_ingot":0,"minecraft:cherry_planks":196,"minecraft:raw_iron":999,"minecraft:coal":1512,"minecraft:diamond_hoe":4,"minecraft:furnace":18,"minecraft:blast_furnace":2,"minecraft:dark_oak_trapdoor":14,"minecraft:bone_meal":3,"ironchest:gold_to_diamond_chest_upgrade":12,"minecraft:raw_copper_block":279,"minecraft:diamond_block":128,"minecraft:lantern":132,"minecraft:diamond":9,"minecraft:iron_axe":12,"minecraft:ladder":15,"minecraft:iron_hoe":1,"minecraft:spruce_slab":144,"minecraft:cherry_stairs":12,"minecraft:diamond_boots":1,"minecraft:dark_oak_planks":52,"sophisticatedbackpacks:iron_backpack":1,"minecraft:coal_block":3910,"ironchest:wood_to_iron_chest_upgrade":5,"minecraft:diamond_sword":1,"minecraft:enchanting_table":2,"minecraft:iron_sword":1,"minecraft:bell":2,"ironfurnaces:upgrade_iron":16,"sophisticatedbackpacks:gold_backpack":1,"minecraft:bucket":6,"minecraft:stone_axe":37,"minecraft:enchanted_book":9,"lolmcv:spruce_chest":27,"minecraft:air":0,"ironfurnaces:upgrade_gold":11,"justhammers:iron_hammer":1,"ironchest:iron_to_gold_chest_upgrade":5,"minecraft:iron_shovel":2,"minecraft:iron_leggings":22,"minecraft:anvil":1,"ironfurnaces:upgrade_emerald":11,"ironfurnaces:upgrade_diamond":11,"minecraft:torch":200,"minecraft:lapis_block":101,"minecraft:diamond_chestplate":1},"minecraft:dropped":{"biomesoplenty:fir_log":126,"minecraft:iron_sword":1,"minecraft:emerald":55,"minecraft:gold_ingot":35,"minecraft:stone_axe":36,"justhammers:iron_hammer":1,"minecraft:chainmail_chestplate":24,"minecraft:stone_hoe":24,"minecraft:diamond_leggings":1,"minecraft:iron_helmet":1,"minecraft:chainmail_helmet":102,"minecraft:stick":64,"minecraft:cherry_planks":64,"minecraft:iron_leggings":22,"minecraft:iron_axe":2,"minecraft:iron_shovel":1,"minecraft:diamond_hoe":3,"minecraft:iron_boots":34,"minecraft:iron_hoe":1,"minecraft:shield":1,"minecraft:spruce_planks":64,"minecraft:iron_chestplate":51,"minecraft:spruce_log":64,"minecraft:bell":2},"minecraft:mined":{"simplefarming:yams":81,"minecraft:large_amethyst_bud":1,"minecraft:spruce_planks":2,"minecraft:oak_sapling":2,"minecraft:cherry_log":22,"minecraft:obsidian":41,"minecraft:carved_pumpkin":2,"minecraft:budding_amethyst":4,"minecraft:grass_block":176,"biomesoplenty:stripped_fir_log":5,"minecraft:dark_oak_trapdoor":21,"minecraft:fire":3,"minecraft:iron_ore":50,"ironchest:gold_chest":1,"minecraft:pumpkin":65,"minecraft:stripped_dark_oak_wood":1,"minecraft:spruce_slab":2,"minecraft:amethyst_cluster":2,"ironfurnaces:iron_furnace":5,"minecraft:torch":13,"minecraft:dark_oak_wood":1,"minecraft:blast_furnace":4,"minecraft:cobblestone":57,"minecraft:cyan_bed":1,"minecraft:sugar_cane":1,"minecraft:wall_torch":53,"minecraft:birch_sapling":6,"minecraft:pink_petals":6,"minecraft:seagrass":1,"minecraft:birch_log":25,"minecraft:birch_door":4,"biomesoplenty:fir_log":3,"minecraft:grass":31,"minecraft:dark_oak_sapling":9,"minecraft:sand":227,"minecraft:dirt":151,"minecraft:netherrack":3,"minecraft:oak_leaves":2,"minecraft:diamond_ore":11,"minecraft:crying_obsidian":3,"minecraft:dark_oak_leaves":1,"enchantinginfuser:enchanting_infuser":1,"minecraft:stripped_cherry_log":43,"minecraft:stripped_birch_log":43,"minecraft:cherry_sapling":5,"minecraft:dark_oak_log":20,"minecraft:ladder":14,"minecraft:cherry_wood":1,"minecraft:spruce_leaves":52,"minecraft:spruce_sapling":45,"minecraft:furnace":4,"lolmcv:spruce_chest":6,"minecraft:stripped_spruce_log":203,"minecraft:gold_block":2,"minecraft:bookshelf":14,"ironchest:iron_chest":2,"minecraft:bamboo":4,"minecraft:white_tulip":2,"minecraft:stone":503,"minecraft:cherry_stairs":4,"minecraft:podzol":7,"minecraft:smithing_table":7,"minecraft:cherry_planks":1,"minecraft:stripped_dark_oak_log":58,"minecraft:crafting_table":3,"minecraft:emerald_ore":37,"minecraft:lectern":105,"minecraft:stone_slab":25,"minecraft:copper_ore":9,"biomesoplenty:sprout":1,"minecraft:lapis_ore":1,"ironfurnaces:diamond_furnace":3,"biomesoplenty:snowblossom_sapling":2,"minecraft:spruce_log":152,"minecraft:coal_ore":298,"minecraft:gravel":13,"enchantinginfuser:advanced_enchanting_infuser":2,"minecraft:stone_bricks":1,"minecraft:chipped_anvil":1,"minecraft:gold_ore":9,"minecraft:fern":4},"minecraft:used":{"minecraft:cherry_sapling":40,"minecraft:iron_shovel":335,"minecraft:spruce_slab":2,"minecraft:diamond_hoe":87,"minecraft:ladder":26,"minecraft:shield":31,"minecraft:iron_sword":55,"minecraft:birch_pressure_plate":4,"simplefarming:yam_seeds":161,"newshieldvariants:diamond_shield":3,"ironchest:iron_chest":2,"enchantinginfuser:advanced_enchanting_infuser":3,"minecraft:stripped_spruce_log":167,"minecraft:obsidian":21,"minecraft:lava_bucket":4,"minecraft:stripped_dark_oak_wood":1,"minecraft:villager_spawn_egg":10,"biomesoplenty:fir_sapling":100,"minecraft:birch_sapling":31,"minecraft:copper_ore":9,"minecraft:dark_oak_wood":41,"minecraft:stone_bricks":1,"minecraft:oak_sapling":27,"minecraft:furnace":20,"lolmcv:spruce_chest":13,"minecraft:dark_oak_sapling":101,"minecraft:emerald_ore":36,"minecraft:stripped_birch_log":39,"minecraft:diamond_axe":1165,"minecraft:dark_oak_trapdoor":29,"minecraft:blast_furnace":6,"minecraft:lightning_rod":5,"minecraft:dark_oak_log":348,"minecraft:cyan_bed":2,"minecraft:lectern":109,"minecraft:diamond_ore":11,"ironchest:iron_to_gold_chest_upgrade":5,"biomesoplenty:stripped_fir_log":2,"minecraft:gravel":6,"minecraft:diamond_sword":57,"minecraft:smithing_table":9,"minecraft:birch_log":123,"minecraft:stripped_cherry_log":3,"minecraft:bone_meal":2,"ironchest:wood_to_iron_chest_upgrade":5,"minecraft:enchanting_table":1,"minecraft:cherry_wood":15,"minecraft:flint_and_steel":4,"minecraft:spruce_planks":71,"minecraft:torch":195,"minecraft:dirt":225,"minecraft:anvil":1,"ironfurnaces:diamond_furnace":3,"biomesoplenty:snowblossom_sapling":10,"minecraft:birch_door":12,"minecraft:iron_hoe":82,"minecraft:chipped_anvil":1,"minecraft:bookshelf":66,"minecraft:iron_axe":958,"minecraft:bamboo":30,"ironchest:gold_chest":1,"tombstone:gift":4,"minecraft:cooked_beef":20,"minecraft:cherry_log":94,"minecraft:water_bucket":7,"ironchest:gold_to_diamond_chest_upgrade":5,"minecraft:cherry_planks":89,"minecraft:green_bed":8,"minecraft:gold_ore":9,"minecraft:stripped_dark_oak_log":46,"minecraft:crafting_table":4,"justhammers:diamond_hammer":172,"minecraft:spruce_log":1094,"justhammers:iron_hammer":80,"simplefarming:baked_yam":44,"minecraft:diamond_pickaxe":1088,"minecraft:diamond_shovel":230,"minecraft:command_block":1,"minecraft:lapis_ore":1,"minecraft:stone_slab":7,"minecraft:spruce_trapdoor":6,"minecraft:spruce_sapling":252,"minecraft:budding_amethyst":8,"minecraft:stone_axe":17,"minecraft:pink_petals":4,"enchantinginfuser:enchanting_infuser":1,"minecraft:cobblestone":810,"minecraft:cherry_stairs":16,"minecraft:white_banner":1,"minecraft:bucket":12,"biomesoplenty:fir_log":6},"minecraft:picked_up":{"minecraft:birch_door":10,"minecraft:smithing_table":7,"minecraft:stone_slab":45,"enchantinginfuser:advanced_enchanting_infuser":2,"minecraft:string":1,"minecraft:dark_oak_trapdoor":21,"minecraft:raw_copper":3196,"minecraft:bucket":1,"biomesoplenty:fir_planks":16,"minecraft:spruce_planks":404,"minecraft:white_tulip":2,"minecraft:coal_block":4186,"minecraft:furnace":4,"minecraft:stick":1259,"minecraft:torch":126,"minecraft:cherry_log":259,"ironchest:gold_chest":1,"tombstone:grave_dust":8,"simplefarming:baked_yam":163,"minecraft:rotten_flesh":9,"minecraft:carved_pumpkin":2,"minecraft:obsidian":40,"minecraft:cobblestone":2581,"minecraft:birch_log":135,"minecraft:pink_petals":37,"minecraft:cherry_planks":99,"biomesoplenty:fir_sapling":100,"biomesoplenty:fir_log":1724,"minecraft:flint":1,"minecraft:lapis_lazuli":918,"minecraft:stripped_birch_log":49,"minecraft:dirt":423,"biomesoplenty:snowblossom_sapling":40,"minecraft:chipped_anvil":1,"minecraft:bone":7,"minecraft:wheat_seeds":939,"minecraft:raw_gold":1002,"minecraft:bamboo":30,"ironfurnaces:iron_furnace":5,"minecraft:sand":226,"minecraft:stripped_spruce_log":254,"minecraft:cyan_bed":1,"minecraft:dark_oak_log":1150,"alexsmobs:animal_dictionary":1,"minecraft:diamond":1347,"minecraft:cherry_wood":22,"enchantinginfuser:enchanting_infuser":1,"minecraft:bone_meal":1,"minecraft:emerald":4186,"minecraft:oak_sapling":27,"minecraft:netherrack":3,"minecraft:crafting_table":3,"minecraft:ladder":14,"simplefarming:yam":385,"minecraft:brown_mushroom":1,"minecraft:gold_block":1,"minecraft:stripped_cherry_log":43,"minecraft:iron_axe":1,"minecraft:beef":5,"ironfurnaces:diamond_furnace":3,"minecraft:spruce_slab":2,"minecraft:lectern":105,"minecraft:sugar_cane":2,"minecraft:birch_sapling":31,"minecraft:dark_oak_sapling":120,"minecraft:raw_iron":6929,"minecraft:cherry_stairs":4,"simplefarming:yam_seeds":423,"ironchest:iron_chest":2,"minecraft:dark_oak_planks":134,"minecraft:arrow":11,"minecraft:stripped_dark_oak_wood":1,"minecraft:gold_ingot":35,"lolmcv:spruce_chest":42,"minecraft:mutton":1,"minecraft:white_wool":1,"minecraft:leather":3,"minecraft:oak_log":66,"minecraft:white_banner":1,"biomesoplenty:stripped_fir_log":6,"minecraft:apple":14,"minecraft:stone_bricks":1,"minecraft:iron_ingot":384,"minecraft:book":42,"minecraft:pumpkin":60,"minecraft:red_wool":1,"minecraft:raw_iron_block":239,"minecraft:gravel":18,"minecraft:amethyst_shard":1568,"minecraft:spruce_sapling":348,"minecraft:blast_furnace":4,"minecraft:spruce_log":3342,"minecraft:crying_obsidian":3,"minecraft:spider_eye":1,"minecraft:diamond_axe":1,"minecraft:cherry_sapling":273,"minecraft:stripped_dark_oak_log":79,"minecraft:dark_oak_wood":1,"minecraft:coal":35724}},"DataVersion":3465}