{"stats":{"minecraft:used":{"minecraft:stripped_spruce_log":2},"minecraft:picked_up":{"minecraft:stripped_spruce_log":2,"minecraft:torch":2,"sophisticatedbackpacks:diamond_backpack":1},"minecraft:mined":{"minecraft:stripped_spruce_log":2,"sophisticatedbackpacks:diamond_backpack":1,"minecraft:wall_torch":1},"minecraft:custom":{"minecraft:jump":24,"minecraft:open_chest":2,"minecraft:time_since_rest":2735,"minecraft:leave_game":1,"minecraft:open_enderchest":1,"minecraft:interact_with_furnace":1,"minecraft:sprint_one_cm":10223,"minecraft:play_time":2735,"minecraft:damage_taken":20,"minecraft:time_since_death":2735,"minecraft:walk_one_cm":4934,"minecraft:total_world_time":2735,"minecraft:fall_one_cm":1742,"minecraft:fly_one_cm":6925}},"DataVersion":3465}