{"stats":{"minecraft:dropped":{"sophisticatedbackpacks:iron_backpack":19,"minecraft:iron_sword":1,"minecraft:crossbow":49,"minecraft:saddle":1,"minecraft:elytra":1,"minecraft:leather_helmet":14,"simplefarming:grape_seeds":1,"sophisticatedbackpacks:gold_backpack":4,"minecraft:dirt":36,"minecraft:bone_meal":137,"minecraft:bone":9304,"minecraft:stone_axe":48,"simplefarming:cantaloupe_seeds":1,"minecraft:iron_nugget":2,"minecraft:golden_chestplate":18,"newshieldvariants:diamond_shield":1,"minecraft:netherite_sword":1,"minecraft:wheat":2,"minecraft:rotten_flesh":23,"minecraft:piglin_spawn_egg":4,"minecraft:hopper":1,"minecraft:leather_boots":25,"minecraft:leather_leggings":17,"minecraft:enchanted_book":1,"minecraft:golden_boots":19,"minecraft:wheat_seeds":536,"biomesoplenty:maple_sapling":1,"minecraft:iron_helmet":6,"minecraft:cobblestone":53,"minecraft:chainmail_helmet":116,"minecraft:coal":19,"minecraft:diamond_helmet":1,"minecraft:white_banner":27,"minecraft:iron_shovel":7,"minecraft:chainmail_leggings":7,"minecraft:string":14,"minecraft:spruce_sapling":1,"securitycraft:reinforced_stone":52,"ironfurnaces:upgrade_obsidian":1,"minecraft:stone_sword":488,"minecraft:diamond_hoe":3,"minecraft:iron_boots":21,"minecraft:stone_slab":4,"minecraft:name_tag":1,"minecraft:pumpkin_seeds":3,"minecraft:diamond_sword":2,"minecraft:stone":40,"minecraft:bundle":104,"sophisticatedbackpacks:copper_backpack":28,"minecraft:bow":250,"simplefarming:yam_seeds":112,"minecraft:flint":1,"minecraft:music_disc_13":1,"iceandfire:armor_silver_metal_leggings":1,"ironfurnaces:upgrade_obsidian2":1,"simplefarming:oat_seeds":1,"tombstone:scroll_of_preservation":1,"minecraft:pillager_spawn_egg":13,"minecraft:music_disc_otherside":1,"tombstone:tablet_of_recall":1,"sophisticatedbackpacks:diamond_backpack":1,"minecraft:chainmail_chestplate":30,"minecraft:leather_chestplate":17,"iceandfire:armor_silver_metal_boots":3,"minecraft:gunpowder":4,"lolmcv:spruce_chest":15,"minecraft:beetroot_seeds":2,"minecraft:chainmail_boots":10,"minecraft:arrow":6040,"minecraft:netherrack":1212,"minecraft:stone_hoe":36,"minecraft:golden_helmet":18,"simplefarming:turnip_seeds":1,"minecraft:golden_axe":1,"minecraft:grass_block":1,"tombstone:magic_scroll":15,"iceandfire:silver_sword":2,"minecraft:nether_wart_block":2,"tombstone:grave_dust":45,"minecraft:iron_leggings":5,"minecraft:pink_petals":126,"minecraft:bucket":5,"minecraft:music_disc_cat":1,"minecraft:redstone":2,"minecraft:ender_chest":1,"minecraft:villager_spawn_egg":55,"minecraft:iron_chestplate":9,"minecraft:golden_leggings":24,"minecraft:golden_sword":1,"tombstone:essence_of_undeath":5,"minecraft:spruce_log":12},"minecraft:killed_by":{"minecraft:ender_dragon":1,"iceandfire:sea_serpent":1,"iceandfire:ice_dragon":1,"minecraft:blaze":1,"minecraft:enderman":1},"minecraft:custom":{"minecraft:interact_with_crafting_table":250,"minecraft:open_barrel":34,"minecraft:bell_ring":1,"minecraft:leave_game":39,"minecraft:time_since_death":630576,"minecraft:damage_blocked_by_shield":2080,"minecraft:play_time":2028994,"minecraft:deaths":7,"minecraft:jump":20811,"tombstone:kill_undead_boss":4,"minecraft:enchant_item":22,"minecraft:interact_with_furnace":559,"minecraft:traded_with_villager":804,"minecraft:sleep_in_bed":74,"minecraft:waystone_activated":11,"minecraft:damage_dealt":263569,"tombstone:undead_killed":8529,"minecraft:interact_with_smithing_table":7,"minecraft:interact_with_anvil":23,"minecraft:inspect_hopper":168,"minecraft:damage_dealt_absorbed":4024,"minecraft:sneak_time":64384,"minecraft:total_world_time":2092496,"tombstone:raider_killed":477,"minecraft:interact_with_stonecutter":12,"minecraft:time_since_rest":6099,"minecraft:swim_one_cm":58737,"minecraft:fly_one_cm":5802506,"minecraft:open_chest":2901,"minecraft:fall_one_cm":447811,"minecraft:animals_bred":30,"minecraft:damage_resisted":110,"minecraft:sprint_one_cm":4914453,"minecraft:drop":2031,"minecraft:talked_to_villager":109,"minecraft:interact_with_brewingstand":63,"minecraft:walk_on_water_one_cm":518105,"minecraft:open_enderchest":91,"minecraft:interact_with_beacon":1,"minecraft:crouch_one_cm":284231,"tombstone:villager_killed":1,"minecraft:mob_kills":13588,"minecraft:damage_dealt_resisted":18342,"minecraft:climb_one_cm":192974,"minecraft:walk_one_cm":4659707,"tombstone:consume_soul":1,"minecraft:raid_win":2,"minecraft:walk_under_water_one_cm":61597,"minecraft:raid_trigger":3,"minecraft:damage_taken":19855,"minecraft:damage_absorbed":273,"minecraft:aviate_one_cm":12934980},"minecraft:picked_up":{"minecraft:birch_door":5,"minecraft:iron_chestplate":1,"minecraft:chainmail_boots":6,"minecraft:anvil":1,"minecraft:stone_slab":30,"minecraft:diamond_sword":2,"minecraft:wither_rose":7,"minecraft:golden_sword":1,"minecraft:amethyst_block":12,"iceandfire:manuscript":21,"minecraft:string":5250,"simplefarming:zucchini_seeds":1,"minecraft:red_nether_bricks":3,"minecraft:gold_nugget":214,"minecraft:iron_golem_spawn_egg":4,"minecraft:melon_slice":99,"minecraft:coal_block":694,"minecraft:golden_helmet":17,"minecraft:lightning_rod":3,"minecraft:cherry_log":29,"ironchest:diamond_chest":27,"minecraft:golden_chestplate":14,"minecraft:zombie_spawn_egg":22,"iceandfire:armor_silver_metal_boots":3,"minecraft:stone_sword":231,"minecraft:red_tulip":4,"minecraft:glowstone":31,"minecraft:blaze_rod":916,"minecraft:iron_bars":20,"minecraft:snowball":65,"iceandfire:sapphire_gem":6,"securitycraft:reinforced_hopper":1,"minecraft:feather":4,"minecraft:cooked_beef":9,"biomesoplenty:dead_log":123,"biomesoplenty:fir_sapling":4,"biomesoplenty:fir_log":3,"alexsmobs:bison_fur":4,"minecraft:flint":50,"tombstone:familiar_receptacle":2,"minecraft:lantern":4,"minecraft:large_amethyst_bud":1,"minecraft:stonecutter":1,"simplefarming:blueberry_bush":5,"minecraft:diamond_helmet":1,"minecraft:glowstone_dust":3,"iceandfire:dragonscales_sapphire":18,"minecraft:stripped_spruce_log":45,"iceandfire:stymphalian_bird_feather":14,"sophisticatedbackpacks:iron_backpack":31,"minecraft:crimson_door":2,"minecraft:dark_oak_log":784,"minecraft:barrel":12,"cataclysm:stone_tiles":12,"biomesoplenty:hellbark_log":8,"minecraft:wither_skeleton_spawn_egg":60,"minecraft:bundle":58,"minecraft:deepslate":34,"minecraft:lever":8,"minecraft:golden_horse_armor":1,"minecraft:chainmail_helmet":6,"alexsmobs:maggot":2,"minecraft:dark_oak_fence":5,"minecraft:crimson_roots":5,"iceandfire:raw_silver":22,"sophisticatedbackpacks:gold_backpack":1,"minecraft:coarse_dirt":3,"minecraft:crafting_table":3,"iceandfire:witherbone":684,"minecraft:nether_wart":197,"minecraft:leather_leggings":14,"tombstone:scroll_of_preservation":1,"minecraft:spider_spawn_egg":130,"minecraft:elytra":2,"minecraft:flint_and_steel":1,"minecraft:iron_shovel":1,"minecraft:netherite_sword":1,"minecraft:beef":50,"iceandfire:armor_silver_metal_leggings":1,"minecraft:iron_nugget":2,"minecraft:poppy":6,"minecraft:spruce_slab":2,"minecraft:chest":19,"minecraft:copper_ore":26,"minecraft:stone":3330,"securitycraft:reinforced_cobblestone":124,"simplefarming:yam_seeds":615,"alexsmobs:straddlite":3,"minecraft:spruce_fence":44,"minecraft:carrot":473,"minecraft:redstone":2171,"iceandfire:dragon_skull_ice":5,"ironfurnaces:obsidian_furnace":14,"minecraft:decorated_pot":1,"minecraft:peony":4,"simplefarming:strawberries":7,"iceandfire:dragonscales_silver":30,"tombstone:essence_of_undeath":14,"minecraft:gold_ingot":1126,"minecraft:totem_of_undying":7,"sophisticatedbackpacks:copper_backpack":27,"minecraft:mutton":5,"minecraft:white_wool":6,"minecraft:emerald_ore":14,"minecraft:oxeye_daisy":9,"securitycraft:reinforced_diamond_block":4,"minecraft:tripwire_hook":5,"minecraft:oak_log":39,"minecraft:golden_boots":15,"iceandfire:dragonscales_blue":23,"alexsmobs:mosquito_proboscis":2,"minecraft:paper":3,"securitycraft:reinforced_glass":57,"minecraft:white_banner":23,"simplefarming:grape_seeds":1,"minecraft:spawner":11,"minecraft:birch_pressure_plate":4,"minecraft:apple":12,"minecraft:stone_bricks":15,"minecraft:creeper_spawn_egg":3,"minecraft:cobweb":11,"minecraft:iron_ore":198,"tombstone:bag_of_seeds":29,"minecraft:glass_bottle":4,"iceandfire:copper_nugget":2,"minecraft:gravel":295,"simplefarming:blueberries":5,"minecraft:spruce_sapling":325,"minecraft:spruce_log":1902,"minecraft:crying_obsidian":12,"minecraft:leather_helmet":13,"biomesoplenty:maple_sapling":2,"minecraft:coal_ore":585,"iceandfire:silver_sword":2,"minecraft:painting":16,"iceandfire:ice_dragon_flesh":8,"minecraft:baked_potato":2,"simplefarming:cotton_seeds":2,"minecraft:stripped_dark_oak_log":22,"minecraft:crimson_nylium":9,"minecraft:hopper":63,"minecraft:ender_pearl":17,"minecraft:shulker_shell":2,"biomesoplenty:burning_blossom":14,"minecraft:wheat":236,"minecraft:ender_chest":26,"minecraft:nether_brick_fence":7,"simplefarming:turnip_seeds":1,"minecraft:piglin_spawn_egg":1,"iceandfire:armor_silver_metal_chestplate":2,"minecraft:raw_copper":5515,"minecraft:iron_leggings":4,"biomesoplenty:brimstone":1,"biomesoplenty:dead_sapling":25,"alexsmobs:blood_sac":13,"minecraft:white_tulip":3,"minecraft:rose_bush":9,"minecraft:redstone_torch":16,"minecraft:cobblestone_slab":21,"minecraft:calcite":2,"iceandfire:frozen_gravel":2,"minecraft:iron_boots":4,"simplefarming:spinach_seeds":1,"minecraft:stick":290,"cataclysm:chiseled_stone_brick_pillar":1,"minecraft:torch":159,"iceandfire:dragonscales_white":21,"minecraft:spruce_stairs":2,"minecraft:porkchop":21,"minecraft:shulker_spawn_egg":1,"tombstone:grave_dust":450,"minecraft:diorite":39,"minecraft:nether_gold_ore":16,"minecraft:rotten_flesh":524,"alexsmobs:capsid":7,"minecraft:obsidian":83,"minecraft:cobblestone":7774,"minecraft:pink_petals":169,"tombstone:soul_receptacle":1,"minecraft:leather_chestplate":12,"minecraft:lilac":4,"minecraft:cherry_planks":1,"minecraft:andesite":2,"minecraft:golden_leggings":18,"minecraft:potato":7,"minecraft:tuff":11,"minecraft:wither_skeleton_skull":86,"minecraft:dirt":9570,"minecraft:stripped_birch_log":2,"minecraft:leather_boots":13,"minecraft:glass":95,"minecraft:bone":5374,"minecraft:bow":139,"minecraft:wheat_seeds":687,"minecraft:raw_gold":7194,"minecraft:mossy_stone_bricks":1,"minecraft:bamboo":1160,"lolmcvbop:fir_chest":12,"biomesoplenty:toadstool":2,"simplefarming:corn_seeds":1,"minecraft:cooked_porkchop":4,"securitycraft:reinforced_stone":52,"minecraft:grass_block":3,"minecraft:cyan_bed":1,"iceandfire:frozen_dirt":1,"minecraft:mossy_cobblestone":18,"minecraft:skeleton_spawn_egg":62,"minecraft:spruce_fence_gate":4,"minecraft:sugar":1,"tombstone:familiar_stone":2,"minecraft:diamond":4,"waystones:waystone":15,"tombstone:tablet_of_recall":1,"iceandfire:dragon_ice":1,"minecraft:crossbow":7,"minecraft:bone_meal":158,"minecraft:spruce_sign":15,"minecraft:emerald":97,"alexsmobs:banana_slug_slime":2,"minecraft:oak_sapling":25,"minecraft:netherrack":10701,"iceandfire:silver_nugget":63,"minecraft:nether_star":4,"minecraft:end_stone_bricks":9,"minecraft:charcoal":6,"minecraft:blaze_spawn_egg":67,"simplefarming:pea_seeds":2,"minecraft:chicken":1,"minecraft:ladder":13,"simplefarming:yam":590,"minecraft:brown_mushroom":123,"minecraft:gold_block":7,"minecraft:chain":5,"minecraft:end_stone_brick_wall":6,"minecraft:vex_spawn_egg":1,"minecraft:blackstone":349,"simplefarming:oat_seeds":2,"minecraft:sugar_cane":1225,"simplefarming:barley_seeds":1,"minecraft:spruce_trapdoor":13,"iceandfire:ice_dragon_heart":4,"minecraft:dark_oak_sapling":176,"minecraft:raw_iron":15,"iceandfire:dragonbone":37,"minecraft:end_stone":35,"simplefarming:cantaloupe_seeds":1,"minecraft:copper_ingot":6,"minecraft:stone_button":1,"minecraft:cherry_fence_gate":4,"iceandfire:silver_ingot":14,"minecraft:arrow":1800,"minecraft:nether_bricks":11,"minecraft:saddle":6,"lolmcv:spruce_chest":24,"minecraft:skeleton_skull":1,"minecraft:air":0,"minecraft:basalt":8,"minecraft:crimson_stem":26,"minecraft:leather":49,"minecraft:chainmail_chestplate":5,"minecraft:gunpowder":40,"minecraft:nether_wart_block":5,"minecraft:cobblestone_wall":2,"minecraft:cobblestone_stairs":24,"tombstone:voodoo_poppet":2,"minecraft:cooked_mutton":1,"minecraft:podzol":1,"minecraft:witch_spawn_egg":1,"minecraft:deepslate_emerald_ore":1,"cataclysm:void_core":1,"minecraft:silverfish_spawn_egg":1,"minecraft:iron_ingot":58,"minecraft:soul_sand":28,"sophisticatedbackpacks:diamond_backpack":1,"minecraft:book":61,"minecraft:pillager_spawn_egg":4,"simplefarming:rice_seeds":1,"minecraft:warped_fungus":1,"minecraft:nether_quartz_ore":84,"biomesoplenty:blackstone_bulb":1,"minecraft:ender_dragon_spawn_egg":1,"minecraft:quartz":109,"minecraft:amethyst_shard":8,"minecraft:spider_eye":2131,"biomesoplenty:bramble":202,"simplefarming:strawberry_bush":7,"minecraft:campfire":7,"minecraft:chainmail_leggings":4,"minecraft:iron_helmet":2,"cataclysm:crystallized_coral_fragments":1,"tombstone:decorative_grave_normal":2,"minecraft:cherry_sapling":17,"tombstone:magic_scroll":72,"minecraft:coal":2016},"minecraft:mined":{"simplefarming:yams":241,"minecraft:red_nether_bricks":3,"biomesoplenty:brimstone":1,"cataclysm:stone_tiles":12,"minecraft:obsidian":83,"biomesoplenty:burning_blossom":14,"biomesoplenty:dead_leaves":4,"biomesoplenty:bramble":224,"minecraft:coal_block":1,"minecraft:hopper":63,"minecraft:nether_wart":2,"minecraft:spawner":13,"minecraft:tall_seagrass":1,"lolmcvbop:fir_chest":12,"minecraft:fire":67,"minecraft:barrel":12,"biomesoplenty:hellbark_log":2,"minecraft:tripwire":18,"minecraft:brown_mushroom":7,"minecraft:crimson_nylium":15,"biomesoplenty:blackstone_spines":4,"minecraft:torch":32,"minecraft:melon":18,"minecraft:spruce_wall_sign":14,"minecraft:glass":104,"minecraft:cyan_bed":1,"minecraft:sugar_cane":660,"minecraft:amethyst_block":12,"tombstone:decorative_grave_normal":2,"minecraft:wheat":241,"minecraft:lilac":3,"minecraft:birch_door":5,"minecraft:warped_fungus":1,"minecraft:wither_rose":7,"ironfurnaces:obsidian_furnace":14,"minecraft:grass":76,"biomesoplenty:dead_log":11,"minecraft:dark_oak_sapling":72,"minecraft:stonecutter":1,"minecraft:deepslate":34,"minecraft:mossy_cobblestone":15,"minecraft:cherry_sapling":5,"minecraft:stripped_birch_log":2,"minecraft:dark_oak_log":9,"minecraft:end_stone":35,"minecraft:nether_bricks":11,"minecraft:dark_oak_fence":6,"minecraft:spruce_fence":44,"minecraft:crimson_roots":4,"minecraft:redstone_wire":7,"biomesoplenty:dead_grass":24,"minecraft:redstone_ore":16,"minecraft:snow":5,"lolmcv:spruce_chest":9,"minecraft:andesite":2,"minecraft:cobblestone_slab":22,"minecraft:bamboo_sapling":2,"minecraft:bamboo":90,"minecraft:cherry_fence_gate":4,"fastpaintings:painting":4,"minecraft:ender_chest":25,"simplefarming:blueberry_bush":5,"minecraft:cherry_planks":1,"minecraft:soul_sand":28,"iceandfire:frozen_gravel":2,"minecraft:emerald_ore":14,"minecraft:campfire":10,"minecraft:lightning_rod":3,"minecraft:tall_grass":8,"minecraft:copper_ore":39,"minecraft:diorite":1,"minecraft:coarse_dirt":3,"minecraft:cobblestone_wall":2,"minecraft:spruce_log":57,"iceandfire:silver_pile":1,"minecraft:gravel":338,"minecraft:spruce_fence_gate":4,"minecraft:stone_bricks":15,"minecraft:gold_ore":55,"minecraft:deepslate_emerald_ore":1,"minecraft:fern":4,"minecraft:large_amethyst_bud":1,"minecraft:oak_sapling":8,"minecraft:farmland":81,"minecraft:cobblestone_stairs":24,"minecraft:end_stone_brick_wall":7,"minecraft:spruce_trapdoor":13,"minecraft:budding_amethyst":8,"minecraft:grass_block":3450,"sophisticatedbackpacks:iron_backpack":1,"biomesoplenty:blackstone_bulb":6,"biomesoplenty:bramble_leaves":25,"minecraft:glowstone":31,"minecraft:iron_ore":199,"minecraft:anvil":1,"minecraft:red_tulip":1,"minecraft:iron_bars":2,"minecraft:end_stone_bricks":4,"minecraft:spruce_slab":2,"minecraft:blackstone":64,"minecraft:calcite":4,"minecraft:chest":20,"iceandfire:frozen_dirt":1,"minecraft:mushroom_stem":5,"minecraft:nether_quartz_ore":85,"minecraft:cobblestone":575,"minecraft:wall_torch":101,"minecraft:pink_petals":26,"minecraft:nether_wart_block":3,"ironchest:diamond_chest":27,"minecraft:dirt":5112,"biomesoplenty:fir_sapling":4,"minecraft:tripwire_hook":5,"minecraft:wither_skeleton_skull":3,"minecraft:netherrack":1859,"minecraft:oak_leaves":14,"minecraft:nether_gold_ore":16,"minecraft:crying_obsidian":11,"minecraft:tuff":11,"minecraft:lever":4,"minecraft:glow_lichen":2,"minecraft:ladder":13,"minecraft:decorated_pot":1,"cataclysm:chiseled_stone_brick_pillar":1,"minecraft:brown_mushroom_block":45,"minecraft:spruce_leaves":81,"iceandfire:dragon_ice":1,"minecraft:crimson_stem":11,"minecraft:large_fern":1,"minecraft:spruce_sapling":124,"minecraft:carrots":3,"minecraft:stripped_spruce_log":45,"biomesoplenty:willow_vine":29,"minecraft:peony":2,"minecraft:gold_block":7,"minecraft:nether_brick_fence":7,"minecraft:bookshelf":19,"minecraft:lantern":3,"minecraft:crimson_door":1,"biomesoplenty:dead_sapling":7,"minecraft:stone":3284,"simplefarming:strawberry_bush":7,"minecraft:birch_pressure_plate":4,"minecraft:podzol":850,"minecraft:stripped_dark_oak_log":23,"minecraft:basalt":2,"minecraft:crafting_table":3,"minecraft:rose_bush":7,"minecraft:stone_slab":37,"biomesoplenty:sprout":47,"biomesoplenty:dead_branch":1,"minecraft:spruce_stairs":2,"minecraft:redstone_torch":5,"minecraft:white_wall_banner":7,"minecraft:coal_ore":585,"minecraft:mossy_stone_bricks":1},"minecraft:killed":{"alexsmobs:enderiophage":7,"iceandfire:stymphalian_bird":5,"minecraft:shulker":2,"minecraft:skeleton":3228,"minecraft:chicken":3,"alexsmobs:straddler":3,"cataclysm:ender_golem":1,"minecraft:magma_cube":1,"minecraft:iron_golem":25,"minecraft:ender_dragon":1,"minecraft:pillager":419,"minecraft:zombie":1345,"minecraft:cow":17,"minecraft:evoker":7,"minecraft:vindicator":33,"cataclysm:coral_golem":1,"iceandfire:cyclops":2,"minecraft:ravager":7,"iceandfire:ice_dragon":4,"minecraft:enderman":12,"minecraft:zombified_piglin":1,"minecraft:witch":11,"minecraft:spider":1571,"minecraft:wither":4,"alexsmobs:banana_slug":1,"minecraft:piglin":7,"minecraft:pig":2,"alexsmobs:stradpole":4,"minecraft:creeper":82,"alexsmobs:crimson_mosquito":15,"minecraft:sheep":1,"alexsmobs:sunbird":1,"minecraft:ghast":4,"alexsmobs:fly":2,"minecraft:blaze":2460,"minecraft:vex":10,"alexsmobs:tiger":2,"alexsmobs:bison":1,"minecraft:hoglin":6,"minecraft:wither_skeleton":3951,"minecraft:villager":1},"minecraft:crafted":{"minecraft:ender_chest":2,"securitycraft:reinforced_black_stained_glass":8,"minecraft:black_dye":1,"justhammers:netherite_hammer":1,"minecraft:chainmail_helmet":109,"minecraft:blaze_powder":254,"securitycraft:keycard_lv5":1,"waystones:waystone":8,"securitycraft:reinforced_cobblestone_slab":6,"minecraft:lever":16,"securitycraft:keypad_item":1,"minecraft:bookshelf":19,"spawnermod:spawner_key":6,"securitycraft:keycard_lv1":3,"minecraft:glass":1056,"minecraft:melon_seeds":10,"minecraft:beacon":1,"minecraft:iron_door":6,"minecraft:name_tag":5,"minecraft:glass_bottle":126,"minecraft:emerald":1677,"securitycraft:reinforced_stone_button":16,"minecraft:smithing_table":1,"minecraft:copper_ingot":0,"simplefarming:baked_yam":0,"newshieldvariants:netherite_shield":1,"iceandfire:earplugs":1,"waystones:warp_stone":8,"minecraft:campfire":65,"minecraft:painting":64,"minecraft:bamboo_planks":6,"minecraft:stone_slab":36,"minecraft:iron_block":781,"minecraft:gold_ingot":1400,"minecraft:netherite_ingot":32,"securitycraft:limited_use_keycard":1,"minecraft:spruce_fence_gate":173,"minecraft:golden_carrot":360,"minecraft:diamond_hoe":3,"sophisticatedbackpacks:inception_upgrade":1,"newshieldvariants:ender_shield":1,"tombstone:blue_marble":5,"minecraft:bone_meal":14323,"ironchest:gold_to_diamond_chest_upgrade":2,"minecraft:spruce_fence":162,"minecraft:white_carpet":27,"minecraft:rib_armor_trim_smithing_template":62,"minecraft:lantern":156,"minecraft:diamond":567,"minecraft:spruce_stairs":84,"minecraft:ladder":309,"minecraft:spruce_slab":138,"minecraft:spruce_boat":1,"minecraft:redstone_block":242,"lolmcvbop:fir_chest":64,"alexsmobs:blood_sprayer":1,"minecraft:coal_block":864,"ironchest:gold_chest":44,"ironchest:wood_to_iron_chest_upgrade":2,"sophisticatedbackpacks:gold_backpack":4,"minecraft:enchanted_book":9,"lolmcv:spruce_chest":13,"securitycraft:door_indestructible_iron_item":6,"ironchest:iron_to_gold_chest_upgrade":2,"minecraft:fermented_spider_eye":32,"minecraft:wither_spawn_egg":4,"minecraft:cobblestone_slab":48,"minecraft:barrel":1,"securitycraft:keycard_reader":1,"toolbelt:pouch":9,"minecraft:lightning_rod":42,"cataclysm:chiseled_stone_brick_pillar":1,"minecraft:heavy_weighted_pressure_plate":1,"securitycraft:laser_block":2,"minecraft:bamboo_block":3,"minecraft:hopper":71,"minecraft:bow":1,"minecraft:iron_boots":12,"minecraft:raw_copper":576,"minecraft:copper_block":672,"minecraft:stone_hoe":36,"minecraft:ender_eye":22,"minecraft:stone_bricks":128,"securitycraft:keypad_door_item":1,"minecraft:crafting_table":3,"minecraft:spruce_planks":1640,"securitycraft:universal_block_reinforcer_lvl2":1,"minecraft:chainmail_chestplate":24,"minecraft:gold_block":866,"minecraft:brewing_stand":3,"sophisticatedbackpacks:upgrade_base":2,"ironchest:diamond_chest":43,"tombstone:decorative_grave_normal":1,"biomesoplenty:fir_planks":768,"minecraft:spruce_trapdoor":20,"minecraft:iron_chestplate":8,"minecraft:paper":876,"minecraft:diamond_pickaxe":1,"minecraft:purple_dye":10,"minecraft:stick":1920,"sophisticatedbackpacks:diamond_backpack":4,"minecraft:iron_ingot":945,"minecraft:redstone_torch":19,"morebows:diamond_bow":1,"minecraft:shears":1,"securitycraft:universal_block_reinforcer_lvl1":1,"minecraft:raw_iron":2304,"toolbelt:belt":1,"minecraft:redstone":450,"minecraft:coal":1998,"minecraft:tripwire_hook":2,"justhammers:diamond_impact_hammer":1,"minecraft:stone_button":39,"securitycraft:keypad_frame":1,"minecraft:glass_pane":16,"minecraft:cobblestone_wall":30,"minecraft:netherite_scrap":0,"minecraft:cherry_fence_gate":32,"minecraft:sugar":32,"minecraft:red_dye":6,"minecraft:bone_block":1546,"minecraft:crimson_planks":8,"minecraft:diamond_sword":2,"minecraft:spruce_sign":45,"minecraft:stone_axe":48,"minecraft:air":0,"minecraft:blue_dye":5,"minecraft:white_wool":816,"ironfurnaces:upgrade_obsidian":11,"minecraft:gold_nugget":2880,"minecraft:anvil":1,"minecraft:stonecutter":1,"minecraft:crimson_door":3,"justhammers:impact_core":1,"minecraft:torch":256,"minecraft:lapis_lazuli":333,"minecraft:firework_rocket":2628,"ironchest:iron_chest":44},"minecraft:broken":{"spawnermod:spawner_key":6},"minecraft:used":{"newshieldvariants:netherite_shield":29,"minecraft:spruce_slab":2,"iceandfire:dragon_skull_ice":2,"minecraft:elytra":48,"minecraft:ladder":102,"minecraft:chest":1,"minecraft:stone":718,"minecraft:soul_sand":10,"minecraft:skeleton_spawn_egg":4,"securitycraft:keypad_item":2,"newshieldvariants:diamond_shield":16,"minecraft:stripped_spruce_log":56,"minecraft:lava_bucket":7,"minecraft:netherite_shovel":6627,"minecraft:villager_spawn_egg":1,"minecraft:grass_block":4,"minecraft:copper_ore":13,"minecraft:netherite_hoe":390,"newshieldvariants:ender_shield":1,"minecraft:netherite_boots":1,"lolmcv:spruce_chest":9,"minecraft:spider_spawn_egg":12,"minecraft:cow_spawn_egg":2,"minecraft:end_stone_bricks":3,"securitycraft:door_indestructible_iron_item":4,"securitycraft:keypad_frame":2,"iceandfire:frozen_dirt":1,"minecraft:golden_apple":4,"minecraft:lightning_rod":10,"minecraft:stone_button":25,"minecraft:nether_wart_block":2,"minecraft:diamond_sword":1225,"minecraft:smithing_table":1,"minecraft:piglin_spawn_egg":2,"ironchest:wood_to_iron_chest_upgrade":2,"minecraft:stone_sword":6,"minecraft:wither_spawn_egg":4,"cataclysm:ender_golem_spawn_egg":1,"minecraft:wither_skeleton_spawn_egg":4,"minecraft:netherrack":3435,"minecraft:torch":283,"minecraft:brewing_stand":3,"minecraft:anvil":2,"minecraft:spawner":56,"minecraft:totem_of_undying":2,"minecraft:cherry_fence_gate":30,"iceandfire:dragon_ice":1,"minecraft:melon_seeds":18,"minecraft:blaze_spawn_egg":5,"minecraft:bamboo":204,"minecraft:tripwire_hook":7,"minecraft:basalt":2,"minecraft:glowstone":20,"minecraft:podzol":1,"tombstone:gift":16,"minecraft:wheat_seeds":321,"minecraft:water_bucket":292,"ironchest:gold_to_diamond_chest_upgrade":3,"minecraft:cherry_planks":1,"justhammers:diamond_impact_hammer":536,"minecraft:spruce_fence_gate":126,"minecraft:gold_ore":55,"minecraft:mossy_cobblestone":1,"justhammers:diamond_hammer":604,"minecraft:crafting_table":5,"minecraft:campfire":72,"minecraft:spruce_log":832,"minecraft:ender_eye":12,"minecraft:diamond_pickaxe":3207,"minecraft:oxeye_daisy":1,"minecraft:diamond_shovel":3208,"minecraft:spruce_trapdoor":30,"minecraft:spruce_sapling":169,"minecraft:crimson_nylium":9,"minecraft:cobblestone":3769,"minecraft:potion":7,"cataclysm:coral_golem_spawn_egg":1,"minecraft:diamond_hoe":325,"minecraft:decorated_pot":1,"minecraft:nether_wart":8,"minecraft:zombie_spawn_egg":12,"biomesoplenty:bramble":2,"simplefarming:yam_seeds":162,"minecraft:carrot":92,"cataclysm:stone_tiles":12,"minecraft:tuff":3,"sophisticatedbackpacks:diamond_backpack":1,"minecraft:glass":851,"minecraft:lantern":14,"ironfurnaces:obsidian_furnace":7,"biomesoplenty:fir_sapling":4,"minecraft:stone_bricks":547,"tombstone:decorative_grave_normal":2,"minecraft:gold_block":171,"minecraft:skeleton_skull":1,"minecraft:dark_oak_sapling":143,"minecraft:bamboo_trapdoor":6,"minecraft:wither_skeleton_skull":5,"iceandfire:frozen_gravel":1,"minecraft:ender_pearl":15,"minecraft:diamond_axe":953,"minecraft:sugar_cane":134,"cataclysm:chiseled_stone_brick_pillar":29,"lolmcvbop:fir_chest":12,"minecraft:shears":14,"minecraft:end_stone":32,"minecraft:creeper_spawn_egg":6,"minecraft:redstone_torch":16,"waystones:waystone":23,"minecraft:lever":27,"minecraft:firework_rocket":838,"minecraft:dark_oak_log":181,"minecraft:cyan_bed":1,"minecraft:string":53,"tombstone:grave_key":3,"ironchest:iron_to_gold_chest_upgrade":2,"minecraft:crimson_door":5,"minecraft:coarse_dirt":3,"minecraft:bone_meal":202,"minecraft:experience_bottle":2,"minecraft:netherite_sword":1771,"sophisticatedbackpacks:iron_backpack":1,"biomesoplenty:brimstone":1,"minecraft:redstone_ore":16,"minecraft:redstone":18,"morebows:diamond_bow":836,"minecraft:ender_chest":26,"securitycraft:keypad_door_item":1,"minecraft:dirt":2283,"ironchest:diamond_chest":69,"minecraft:hopper":111,"minecraft:spruce_stairs":2,"minecraft:cobblestone_wall":261,"tombstone:tablet_of_recall":20,"minecraft:spruce_fence":120,"minecraft:birch_door":1,"securitycraft:keycard_reader":3,"minecraft:bookshelf":19,"minecraft:golden_carrot":65,"ironchest:gold_chest":1,"minecraft:netherite_pickaxe":4364,"minecraft:cooked_beef":1,"biomesoplenty:burning_blossom":1,"minecraft:cobblestone_stairs":201,"minecraft:glass_bottle":17,"minecraft:netherite_chestplate":45,"minecraft:iron_golem_spawn_egg":25,"minecraft:brown_mushroom":8,"minecraft:spruce_sign":55,"minecraft:beacon":1,"minecraft:stonecutter":2,"minecraft:cobblestone_slab":52,"minecraft:stripped_dark_oak_log":23,"minecraft:painting":47,"simplefarming:baked_yam":365,"tombstone:bag_of_seeds":15,"minecraft:command_block":1,"minecraft:netherite_axe":827,"minecraft:stone_slab":126,"minecraft:white_banner":18,"minecraft:bucket":286,"minecraft:wither_rose":342,"minecraft:pillager_spawn_egg":13}},"DataVersion":3465}