{
  "lolmcvbop:recipes/decorations/mahogany_chest": {
    "criteria": {
      "has_lots_of_items": "2024-08-15 03:09:37 +0000"
    },
    "done": false
  },
  "minecraft:recipes/decorations/crafting_table": {
    "criteria": {
      "unlock_right_away": "2024-08-15 03:08:26 +0000"
    },
    "done": true
  },
  "deeperdarker:recipes/building_blocks/soul_elytra": {
    "criteria": {
      "has_elytra": "2024-08-15 03:09:35 +0000"
    },
    "done": true
  },
  "lolmcv:recipes/decorations/oak_chest": {
    "criteria": {
      "has_lots_of_items": "2024-08-15 03:09:37 +0000"
    },
    "done": false
  },
  "minecraft:recipes/decorations/spruce_hanging_sign": {
    "criteria": {
      "has_stripped_logs": "2024-08-15 03:09:20 +0000"
    },
    "done": true
  },
  "sophisticatedbackpacks:recipes/misc/netherite_backpack": {
    "criteria": {
      "has_diamond_backpack": "2024-08-15 03:09:30 +0000"
    },
    "done": true
  },
  "lolmcvbop:recipes/decorations/hellbark_chest": {
    "criteria": {
      "has_lots_of_items": "2024-08-15 03:09:37 +0000"
    },
    "done": false
  },
  "minecraft:nether/netherite_armor": {
    "criteria": {
      "netherite_armor": "2024-08-15 03:09:42 +0000"
    },
    "done": true
  },
  "lolmcv:recipes/decorations/dark_oak_chest": {
    "criteria": {
      "has_lots_of_items": "2024-08-15 03:09:37 +0000"
    },
    "done": false
  },
  "minecraft:recipes/building_blocks/stripped_spruce_wood": {
    "criteria": {
      "has_log": "2024-08-15 03:09:20 +0000"
    },
    "done": true
  },
  "iceandfire:iceandfire/root": {
    "criteria": {
      "tick": "2024-08-15 03:08:26 +0000"
    },
    "done": true
  },
  "lolmcv:recipes/decorations/mangrove_chest": {
    "criteria": {
      "has_lots_of_items": "2024-08-15 03:09:37 +0000"
    },
    "done": false
  },
  "minecraft:recipes/misc/charcoal": {
    "criteria": {
      "has_log": "2024-08-15 03:09:20 +0000"
    },
    "done": true
  },
  "lolmcvbop:recipes/decorations/redwood_chest": {
    "criteria": {
      "has_lots_of_items": "2024-08-15 03:09:37 +0000"
    },
    "done": false
  },
  "lolmcvbop:recipes/decorations/dead_chest": {
    "criteria": {
      "has_lots_of_items": "2024-08-15 03:09:37 +0000"
    },
    "done": false
  },
  "minecraft:end/elytra": {
    "criteria": {
      "elytra": "2024-08-15 03:09:35 +0000"
    },
    "done": true
  },
  "lolmcv:recipes/decorations/acacia_chest": {
    "criteria": {
      "has_lots_of_items": "2024-08-15 03:09:37 +0000"
    },
    "done": false
  },
  "betterdungeons:root": {
    "criteria": {
      "always": "2024-08-15 03:08:26 +0000"
    },
    "done": true
  },
  "securitycraft:recipes/misc/sc_manual": {
    "criteria": {
      "has_wood": "2024-08-15 03:09:20 +0000"
    },
    "done": true
  },
  "alexsmobs:alexsmobs/blood_sprayer": {
    "criteria": {
      "blood_sprayer": "2024-08-15 03:09:37 +0000"
    },
    "done": true
  },
  "tombstone:adventure/root": {
    "criteria": {
      "auto": "2024-08-15 03:08:27 +0000"
    },
    "done": true
  },
  "lolmcvbop:recipes/decorations/umbran_chest": {
    "criteria": {
      "has_lots_of_items": "2024-08-15 03:09:37 +0000"
    },
    "done": false
  },
  "lolmcvbop:recipes/decorations/magic_chest": {
    "criteria": {
      "has_lots_of_items": "2024-08-15 03:09:37 +0000"
    },
    "done": false
  },
  "lolmcv:recipes/decorations/cherry_chest": {
    "criteria": {
      "has_lots_of_items": "2024-08-15 03:09:37 +0000"
    },
    "done": false
  },
  "lolmcvbop:recipes/decorations/fir_chest": {
    "criteria": {
      "has_lots_of_items": "2024-08-15 03:09:37 +0000"
    },
    "done": false
  },
  "lolmcvbop:recipes/decorations/willow_chest": {
    "criteria": {
      "has_lots_of_items": "2024-08-15 03:09:37 +0000"
    },
    "done": false
  },
  "lolmcv:recipes/decorations/birch_chest": {
    "criteria": {
      "has_lots_of_items": "2024-08-15 03:09:37 +0000"
    },
    "done": false
  },
  "lolmcv:recipes/decorations/spruce_chest": {
    "criteria": {
      "has_lots_of_items": "2024-08-15 03:09:37 +0000"
    },
    "done": false
  },
  "betterdeserttemples:root": {
    "criteria": {
      "always": "2024-08-15 03:08:26 +0000"
    },
    "done": true
  },
  "cataclysm:root": {
    "criteria": {
      "custom_test_name": "2024-08-15 03:08:26 +0000"
    },
    "done": true
  },
  "lolmcv:recipes/decorations/bamboo_chest": {
    "criteria": {
      "has_lots_of_items": "2024-08-15 03:09:37 +0000"
    },
    "done": false
  },
  "minecraft:recipes/building_blocks/spruce_planks": {
    "criteria": {
      "has_logs": "2024-08-15 03:09:20 +0000"
    },
    "done": true
  },
  "lolmcvbop:recipes/decorations/jacaranda_chest": {
    "criteria": {
      "has_lots_of_items": "2024-08-15 03:09:37 +0000"
    },
    "done": false
  },
  "ironfurnaces:coal": {
    "criteria": {
      "rainbowcoal": "2024-08-15 03:09:20 +0000"
    },
    "done": true
  },
  "lolmcvbop:recipes/decorations/palm_chest": {
    "criteria": {
      "has_lots_of_items": "2024-08-15 03:09:37 +0000"
    },
    "done": false
  },
  "lolmcv:recipes/decorations/crimson_chest": {
    "criteria": {
      "has_lots_of_items": "2024-08-15 03:09:37 +0000"
    },
    "done": false
  },
  "minecraft:adventure/adventuring_time": {
    "criteria": {
      "minecraft:cherry_grove": "2024-08-15 03:08:58 +0000",
      "minecraft:frozen_peaks": "2024-08-15 03:08:27 +0000"
    },
    "done": false
  },
  "lolmcv:recipes/decorations/warped_chest": {
    "criteria": {
      "has_lots_of_items": "2024-08-15 03:09:37 +0000"
    },
    "done": false
  },
  "lolmcv:recipes/decorations/jungle_chest": {
    "criteria": {
      "has_lots_of_items": "2024-08-15 03:09:37 +0000"
    },
    "done": false
  },
  "DataVersion": 3465
}